{"cameraMode":{"drawMode":0,"name":"Shaded","section":"Shading Mode"},"sceneLighting":false,"audioPlay":false,"sceneViewState":{"m_AlwaysRefresh":false,"showFog":true,"showSkybox":false,"showFlares":true,"showImageEffects":true,"showParticleSystems":true,"showVisualEffectGraphs":true,"m_FxEnabled":true},"in2DMode":false,"pivot":{"x":0.15700003504753114,"y":1.9720001220703126,"z":1.3822999000549317},"rotation":{"x":0.08584941923618317,"y":0.678867518901825,"z":-0.08041082322597504,"w":0.7247989773750305},"size":0.6446525454521179,"orthographic":true}