{"cameraMode":{"drawMode":0,"name":"Shaded","section":"Shading Mode"},"sceneLighting":false,"audioPlay":false,"sceneViewState":{"m_AlwaysRefresh":false,"showFog":true,"showSkybox":false,"showFlares":true,"showImageEffects":true,"showParticleSystems":true,"showVisualEffectGraphs":true,"m_FxEnabled":true},"in2DMode":false,"pivot":{"x":-0.21026656031608582,"y":0.0009780004620552064,"z":0.13400530815124513},"rotation":{"x":-0.1500721424818039,"y":-0.6413901448249817,"z":0.1298941820859909,"w":-0.7411014437675476},"size":0.23249199986457826,"orthographic":true}