{"cameraMode":{"drawMode":0,"name":"Shaded","section":"Shading Mode"},"sceneLighting":false,"audioPlay":false,"sceneViewState":{"m_AlwaysRefresh":false,"showFog":true,"showSkybox":false,"showFlares":true,"showImageEffects":true,"showParticleSystems":true,"showVisualEffectGraphs":true,"m_FxEnabled":true},"in2DMode":false,"pivot":{"x":9.313225746154785e-9,"y":-3.725290298461914e-9,"z":-0.001649828627705574},"rotation":{"x":-0.06916725635528565,"y":-0.048763077706098559,"z":0.0033950484357774259,"w":-0.9964107871055603},"size":0.021855667233467103,"orthographic":true}