{"cameraMode":{"drawMode":0,"name":"Shaded","section":"Shading Mode"},"sceneLighting":false,"audioPlay":false,"sceneViewState":{"m_AlwaysRefresh":false,"showFog":true,"showSkybox":false,"showFlares":true,"showImageEffects":true,"showParticleSystems":true,"showVisualEffectGraphs":true,"m_FxEnabled":true},"in2DMode":false,"pivot":{"x":0.17282776534557343,"y":0.0010707303881645203,"z":0.1342611014842987},"rotation":{"x":-0.1500721424818039,"y":-0.6413901448249817,"z":0.1298941820859909,"w":-0.7411014437675476},"size":0.1968960165977478,"orthographic":true}