{"cameraMode":{"drawMode":0,"name":"Shaded","section":"Shading Mode"},"sceneLighting":false,"audioPlay":false,"sceneViewState":{"m_AlwaysRefresh":false,"showFog":true,"showSkybox":false,"showFlares":true,"showImageEffects":true,"showParticleSystems":true,"showVisualEffectGraphs":true,"m_FxEnabled":true},"in2DMode":false,"pivot":{"x":-0.912061870098114,"y":5.213736534118652,"z":0.07596492767333985},"rotation":{"x":0.006309704855084419,"y":0.0044937352649867538,"z":-0.00005668589801643975,"w":1.0000115633010865},"size":5.876152992248535,"orthographic":false}