{"cameraMode":{"drawMode":0,"name":"Shaded","section":"Shading Mode"},"sceneLighting":false,"audioPlay":false,"sceneViewState":{"m_AlwaysRefresh":false,"showFog":true,"showSkybox":false,"showFlares":true,"showImageEffects":true,"showParticleSystems":true,"showVisualEffectGraphs":true,"m_FxEnabled":true},"in2DMode":false,"pivot":{"x":0.10575608909130097,"y":0.016222022473812105,"z":0.0705912858247757},"rotation":{"x":0.0002369380963500589,"y":-0.6500853896141052,"z":0.000193326995940879,"w":0.7598691582679749},"size":0.06324177235364914,"orthographic":true}