{"cameraMode":{"drawMode":0,"name":"Shaded","section":"Shading Mode"},"sceneLighting":false,"audioPlay":false,"sceneViewState":{"m_AlwaysRefresh":false,"showFog":true,"showSkybox":false,"showFlares":true,"showImageEffects":true,"showParticleSystems":true,"showVisualEffectGraphs":true,"m_FxEnabled":true},"in2DMode":false,"pivot":{"x":0.009372473694384098,"y":0.0047061145305633549,"z":0.1831769049167633},"rotation":{"x":-0.06916725635528565,"y":-0.048763077706098559,"z":0.0033950484357774259,"w":-0.9964107871055603},"size":0.6431070566177368,"orthographic":true}