{"cameraMode":{"drawMode":0,"name":"Shaded","section":"Shading Mode"},"sceneLighting":false,"audioPlay":false,"sceneViewState":{"m_AlwaysRefresh":false,"showFog":true,"showSkybox":false,"showFlares":true,"showImageEffects":true,"showParticleSystems":true,"showVisualEffectGraphs":true,"m_FxEnabled":true},"in2DMode":false,"pivot":{"x":-1.5160744190216065,"y":1.8607145547866822,"z":2.994433641433716},"rotation":{"x":0.03828994929790497,"y":0.4851090908050537,"z":-0.02126375213265419,"w":0.8734093308448792},"size":0.9727444052696228,"orthographic":false}