{"cameraMode":{"drawMode":0,"name":"Shaded","section":"Shading Mode"},"sceneLighting":false,"audioPlay":false,"sceneViewState":{"m_AlwaysRefresh":false,"showFog":true,"showSkybox":false,"showFlares":true,"showImageEffects":true,"showParticleSystems":true,"showVisualEffectGraphs":true,"m_FxEnabled":true},"in2DMode":false,"pivot":{"x":-0.04180680215358734,"y":2.109816789627075,"z":1.597720742225647},"rotation":{"x":-0.13086116313934327,"y":-0.5146477818489075,"z":0.07983985543251038,"w":-0.8436110019683838},"size":0.17882010340690614,"orthographic":true}