{"cameraMode":{"drawMode":0,"name":"Shaded","section":"Shading Mode"},"sceneLighting":false,"audioPlay":false,"sceneViewState":{"m_AlwaysRefresh":false,"showFog":true,"showSkybox":false,"showFlares":true,"showImageEffects":true,"showParticleSystems":true,"showVisualEffectGraphs":true,"m_FxEnabled":true},"in2DMode":false,"pivot":{"x":-0.23615896701812745,"y":0.33718764781951907,"z":-0.2239382266998291},"rotation":{"x":0.202720046043396,"y":0.5273339748382568,"z":-0.13122892379760743,"w":0.8146213293075562},"size":1.5270025730133057,"orthographic":true}