{"cameraMode":{"drawMode":0,"name":"Shaded","section":"Shading Mode"},"sceneLighting":false,"audioPlay":false,"sceneViewState":{"m_AlwaysRefresh":false,"showFog":true,"showSkybox":false,"showFlares":true,"showImageEffects":true,"showParticleSystems":true,"showVisualEffectGraphs":true,"m_FxEnabled":true},"in2DMode":false,"pivot":{"x":-0.013171251863241196,"y":0.07904847711324692,"z":-0.004161684773862362},"rotation":{"x":-0.07252813875675202,"y":-0.8599461317062378,"z":0.12760229408740998,"w":-0.48883476853370669},"size":0.08124558627605438,"orthographic":true}