{"cameraMode":{"drawMode":0,"name":"Shaded","section":"Shading Mode"},"sceneLighting":false,"audioPlay":false,"sceneViewState":{"m_AlwaysRefresh":false,"showFog":true,"showSkybox":false,"showFlares":true,"showImageEffects":true,"showParticleSystems":true,"showVisualEffectGraphs":true,"m_FxEnabled":true},"in2DMode":false,"pivot":{"x":5.4599995613098148,"y":0.6399968266487122,"z":0.3060000538825989},"rotation":{"x":0.015025444328784943,"y":-0.7274336814880371,"z":0.015927523374557496,"w":0.6858507394790649},"size":0.7315950393676758,"orthographic":true}