{"cameraMode":{"drawMode":0,"name":"Shaded","section":"Shading Mode"},"sceneLighting":false,"audioPlay":false,"sceneViewState":{"m_AlwaysRefresh":false,"showFog":true,"showSkybox":false,"showFlares":true,"showImageEffects":true,"showParticleSystems":true,"showVisualEffectGraphs":true,"m_FxEnabled":true},"in2DMode":false,"pivot":{"x":3.149341583251953,"y":0.4586954116821289,"z":0.11758758872747421},"rotation":{"x":0.06783672422170639,"y":-0.7096982002258301,"z":0.0689803883433342,"w":0.6978535652160645},"size":1.8003671169281006,"orthographic":true}