{"cameraMode":{"drawMode":0,"name":"Shaded","section":"Shading Mode"},"sceneLighting":false,"audioPlay":false,"sceneViewState":{"m_AlwaysRefresh":false,"showFog":true,"showSkybox":false,"showFlares":true,"showImageEffects":true,"showParticleSystems":true,"showVisualEffectGraphs":true,"m_FxEnabled":true},"in2DMode":false,"pivot":{"x":3.4737868309020998,"y":-0.24405169486999513,"z":-2.1060824394226076},"rotation":{"x":0.045259326696395877,"y":-0.03714567422866821,"z":0.0016753909876570106,"w":0.9982866644859314},"size":2.6820881366729738,"orthographic":true}