{"cameraMode":{"drawMode":0,"name":"Shaded","section":"Shading Mode"},"sceneLighting":false,"audioPlay":false,"sceneViewState":{"m_AlwaysRefresh":false,"showFog":true,"showSkybox":false,"showFlares":true,"showImageEffects":true,"showParticleSystems":true,"showVisualEffectGraphs":true,"m_FxEnabled":true},"in2DMode":false,"pivot":{"x":-0.0009902305901050568,"y":0.000515427440404892,"z":-0.05645018815994263},"rotation":{"x":0.10739307105541229,"y":-0.8524397611618042,"z":0.19321785867214204,"w":0.4737982451915741},"size":0.07579740136861801,"orthographic":true}